output_index	case_index	diff_path	status	rc
0	0	/home/dinghy/versys/ibex-cpufuzz/bluesfl/ibex/dataset/dataset0/dataset_0/0/ibex_decoder.sv.diff	SIM_FAIL	1
1	3	/home/dinghy/versys/ibex-cpufuzz/bluesfl/ibex/dataset/dataset0/dataset_0/3/ibex_id_stage.sv.diff	SIM_FAIL	1
2	5	/home/dinghy/versys/ibex-cpufuzz/bluesfl/ibex/dataset/dataset0/dataset_10/0/ibex_multdiv_fast.sv.diff	SIM_FAIL	1
3	6	/home/dinghy/versys/ibex-cpufuzz/bluesfl/ibex/dataset/dataset0/dataset_10/1/ibex_load_store_unit.sv.diff	SIM_FAIL	1
4	8	/home/dinghy/versys/ibex-cpufuzz/bluesfl/ibex/dataset/dataset0/dataset_11/0/ibex_wb_stage.sv.diff	SIM_FAIL	1
5	9	/home/dinghy/versys/ibex-cpufuzz/bluesfl/ibex/dataset/dataset0/dataset_11/1/ibex_id_stage.sv.diff	SIM_FAIL	1
6	11	/home/dinghy/versys/ibex-cpufuzz/bluesfl/ibex/dataset/dataset0/dataset_11/3/ibex_id_stage.sv.diff	SIM_FAIL	1
7	12	/home/dinghy/versys/ibex-cpufuzz/bluesfl/ibex/dataset/dataset0/dataset_11/4/ibex_multdiv_fast.sv.diff	SIM_FAIL	1
8	19	/home/dinghy/versys/ibex-cpufuzz/bluesfl/ibex/dataset/dataset0/dataset_1/2/ibex_if_stage.sv.diff	SIM_FAIL	1
9	25	/home/dinghy/versys/ibex-cpufuzz/bluesfl/ibex/dataset/dataset0/dataset_1/3/ibex_multdiv_fast.sv.diff	SIM_FAIL	1
10	30	/home/dinghy/versys/ibex-cpufuzz/bluesfl/ibex/dataset/dataset0/dataset_1/4/ibex_id_stage.sv.diff	SIM_FAIL	1
11	32	/home/dinghy/versys/ibex-cpufuzz/bluesfl/ibex/dataset/dataset0/dataset_15/1/ibex_fetch_fifo.sv.diff	SIM_FAIL	1
12	40	/home/dinghy/versys/ibex-cpufuzz/bluesfl/ibex/dataset/dataset0/dataset_17/2/ibex_core.sv.diff	SIM_FAIL	1
13	66	/home/dinghy/versys/ibex-cpufuzz/bluesfl/ibex/dataset/dataset0/dataset_2/2/ibex_id_stage.sv.diff	SIM_FAIL	1
14	77	/home/dinghy/versys/ibex-cpufuzz/bluesfl/ibex/dataset/dataset0/dataset_2/4/ibex_prefetch_buffer.sv.diff	SIM_FAIL	1
15	79	/home/dinghy/versys/ibex-cpufuzz/bluesfl/ibex/dataset/dataset0/dataset_3/1/ibex_ex_block.sv.diff	SIM_FAIL	1
16	81	/home/dinghy/versys/ibex-cpufuzz/bluesfl/ibex/dataset/dataset0/dataset_3/3/ibex_alu.sv.diff	SIM_FAIL	1
17	82	/home/dinghy/versys/ibex-cpufuzz/bluesfl/ibex/dataset/dataset0/dataset_3/4/ibex_fetch_fifo.sv.diff	SIM_FAIL	1
18	83	/home/dinghy/versys/ibex-cpufuzz/bluesfl/ibex/dataset/dataset0/dataset_4/0/ibex_decoder.sv.diff	SIM_FAIL	1
19	86	/home/dinghy/versys/ibex-cpufuzz/bluesfl/ibex/dataset/dataset0/dataset_4/3/ibex_prefetch_buffer.sv.diff	SIM_FAIL	1
20	88	/home/dinghy/versys/ibex-cpufuzz/bluesfl/ibex/dataset/dataset0/dataset_5/3/ibex_multdiv_fast.sv.diff	SIM_FAIL	1
21	91	/home/dinghy/versys/ibex-cpufuzz/bluesfl/ibex/dataset/dataset0/dataset_6/1/ibex_id_stage.sv.diff	TIMEOUT	143
22	93	/home/dinghy/versys/ibex-cpufuzz/bluesfl/ibex/dataset/dataset0/dataset_6/4/ibex_ex_block.sv.diff	SIM_FAIL	1
23	95	/home/dinghy/versys/ibex-cpufuzz/bluesfl/ibex/dataset/dataset0/dataset_7/1/ibex_load_store_unit.sv.diff	SIM_FAIL	1
24	96	/home/dinghy/versys/ibex-cpufuzz/bluesfl/ibex/dataset/dataset0/dataset_7/2/ibex_core.sv.diff	SIM_FAIL	1
25	97	/home/dinghy/versys/ibex-cpufuzz/bluesfl/ibex/dataset/dataset0/dataset_8/0/ibex_ex_block.sv.diff	SIM_FAIL	1
26	99	/home/dinghy/versys/ibex-cpufuzz/bluesfl/ibex/dataset/dataset0/dataset_8/3/ibex_multdiv_fast.sv.diff	SIM_FAIL	1
27	101	/home/dinghy/versys/ibex-cpufuzz/bluesfl/ibex/dataset/dataset0/dataset_9/0/ibex_id_stage.sv.diff	SIM_FAIL	1
28	104	/home/dinghy/versys/ibex-cpufuzz/bluesfl/ibex/dataset/dataset0/dataset_9/4/ibex_decoder.sv.diff	SIM_FAIL	1
29	108	/home/dinghy/versys/ibex-cpufuzz/bluesfl/ibex/dataset/dataset1/dataset_0/15/ibex_load_store_unit.sv.diff	SIM_FAIL	1
30	110	/home/dinghy/versys/ibex-cpufuzz/bluesfl/ibex/dataset/dataset1/dataset_0/17/ibex_prefetch_buffer.sv.diff	SIM_FAIL	1
31	112	/home/dinghy/versys/ibex-cpufuzz/bluesfl/ibex/dataset/dataset1/dataset_0/19/ibex_ex_block.sv.diff	SIM_FAIL	1
32	114	/home/dinghy/versys/ibex-cpufuzz/bluesfl/ibex/dataset/dataset1/dataset_0/3/ibex_alu.sv.diff	SIM_FAIL	1
33	115	/home/dinghy/versys/ibex-cpufuzz/bluesfl/ibex/dataset/dataset1/dataset_0/4/ibex_if_stage.sv.diff	SIM_FAIL	1
34	117	/home/dinghy/versys/ibex-cpufuzz/bluesfl/ibex/dataset/dataset1/dataset_0/6/ibex_multdiv_fast.sv.diff	TIMEOUT	143
35	118	/home/dinghy/versys/ibex-cpufuzz/bluesfl/ibex/dataset/dataset1/dataset_0/7/ibex_decoder.sv.diff	SIM_FAIL	1
36	120	/home/dinghy/versys/ibex-cpufuzz/bluesfl/ibex/dataset/dataset1/dataset_0/9/ibex_prefetch_buffer.sv.diff	SIM_FAIL	1
37	121	/home/dinghy/versys/ibex-cpufuzz/bluesfl/ibex/dataset/dataset1/dataset_10/0/ibex_prefetch_buffer.sv.diff	SIM_FAIL	1
38	122	/home/dinghy/versys/ibex-cpufuzz/bluesfl/ibex/dataset/dataset1/dataset_10/10/ibex_load_store_unit.sv.diff	TIMEOUT	143
39	123	/home/dinghy/versys/ibex-cpufuzz/bluesfl/ibex/dataset/dataset1/dataset_10/11/ibex_multdiv_fast.sv.diff	SIM_FAIL	1
40	124	/home/dinghy/versys/ibex-cpufuzz/bluesfl/ibex/dataset/dataset1/dataset_10/12/ibex_id_stage.sv.diff	SIM_FAIL	1
41	128	/home/dinghy/versys/ibex-cpufuzz/bluesfl/ibex/dataset/dataset1/dataset_10/2/ibex_load_store_unit.sv.diff	SIM_FAIL	1
42	130	/home/dinghy/versys/ibex-cpufuzz/bluesfl/ibex/dataset/dataset1/dataset_10/6/ibex_load_store_unit.sv.diff	SIM_FAIL	1
43	132	/home/dinghy/versys/ibex-cpufuzz/bluesfl/ibex/dataset/dataset1/dataset_10/8/ibex_prefetch_buffer.sv.diff	SIM_FAIL	1
44	133	/home/dinghy/versys/ibex-cpufuzz/bluesfl/ibex/dataset/dataset1/dataset_10/9/ibex_id_stage.sv.diff	SIM_FAIL	1
45	139	/home/dinghy/versys/ibex-cpufuzz/bluesfl/ibex/dataset/dataset1/dataset_11/13/ibex_controller.sv.diff	TIMEOUT	143
46	141	/home/dinghy/versys/ibex-cpufuzz/bluesfl/ibex/dataset/dataset1/dataset_11/1/ibex_decoder.sv.diff	SIM_FAIL	1
47	143	/home/dinghy/versys/ibex-cpufuzz/bluesfl/ibex/dataset/dataset1/dataset_1/12/ibex_alu.sv.diff	SIM_FAIL	1
48	144	/home/dinghy/versys/ibex-cpufuzz/bluesfl/ibex/dataset/dataset1/dataset_11/2/ibex_compressed_decoder.sv.diff	SIM_FAIL	1
49	149	/home/dinghy/versys/ibex-cpufuzz/bluesfl/ibex/dataset/dataset1/dataset_1/17/ibex_ex_block.sv.diff	SIM_FAIL	1
50	152	/home/dinghy/versys/ibex-cpufuzz/bluesfl/ibex/dataset/dataset1/dataset_11/9/ibex_alu.sv.diff	SIM_FAIL	1
51	153	/home/dinghy/versys/ibex-cpufuzz/bluesfl/ibex/dataset/dataset1/dataset_12/10/ibex_fetch_fifo.sv.diff	SIM_FAIL	1
52	154	/home/dinghy/versys/ibex-cpufuzz/bluesfl/ibex/dataset/dataset1/dataset_12/11/ibex_prefetch_buffer.sv.diff	SIM_FAIL	1
53	160	/home/dinghy/versys/ibex-cpufuzz/bluesfl/ibex/dataset/dataset1/dataset_12/3/ibex_fetch_fifo.sv.diff	SIM_FAIL	134
54	161	/home/dinghy/versys/ibex-cpufuzz/bluesfl/ibex/dataset/dataset1/dataset_12/4/ibex_decoder.sv.diff	SIM_FAIL	1
55	164	/home/dinghy/versys/ibex-cpufuzz/bluesfl/ibex/dataset/dataset1/dataset_12/7/ibex_ex_block.sv.diff	SIM_FAIL	1
56	165	/home/dinghy/versys/ibex-cpufuzz/bluesfl/ibex/dataset/dataset1/dataset_12/9/ibex_controller.sv.diff	SIM_FAIL	1
57	166	/home/dinghy/versys/ibex-cpufuzz/bluesfl/ibex/dataset/dataset1/dataset_13/0/ibex_controller.sv.diff	SIM_FAIL	1
58	169	/home/dinghy/versys/ibex-cpufuzz/bluesfl/ibex/dataset/dataset1/dataset_13/12/ibex_id_stage.sv.diff	SIM_FAIL	1
59	172	/home/dinghy/versys/ibex-cpufuzz/bluesfl/ibex/dataset/dataset1/dataset_13/2/ibex_multdiv_fast.sv.diff	SIM_FAIL	1
60	179	/home/dinghy/versys/ibex-cpufuzz/bluesfl/ibex/dataset/dataset1/dataset_14/0/ibex_if_stage.sv.diff	SIM_FAIL	1
61	183	/home/dinghy/versys/ibex-cpufuzz/bluesfl/ibex/dataset/dataset1/dataset_14/13/ibex_fetch_fifo.sv.diff	SIM_FAIL	1
62	186	/home/dinghy/versys/ibex-cpufuzz/bluesfl/ibex/dataset/dataset1/dataset_14/5/ibex_ex_block.sv.diff	SIM_FAIL	1
63	187	/home/dinghy/versys/ibex-cpufuzz/bluesfl/ibex/dataset/dataset1/dataset_14/6/ibex_controller.sv.diff	SIM_FAIL	1
64	188	/home/dinghy/versys/ibex-cpufuzz/bluesfl/ibex/dataset/dataset1/dataset_14/8/ibex_alu.sv.diff	SIM_FAIL	1
65	192	/home/dinghy/versys/ibex-cpufuzz/bluesfl/ibex/dataset/dataset1/dataset_15/12/ibex_decoder.sv.diff	SIM_FAIL	1
66	193	/home/dinghy/versys/ibex-cpufuzz/bluesfl/ibex/dataset/dataset1/dataset_15/1/ibex_prefetch_buffer.sv.diff	TIMEOUT	143
67	197	/home/dinghy/versys/ibex-cpufuzz/bluesfl/ibex/dataset/dataset1/dataset_15/5/ibex_core.sv.diff	SIM_FAIL	1
68	198	/home/dinghy/versys/ibex-cpufuzz/bluesfl/ibex/dataset/dataset1/dataset_15/6/ibex_multdiv_fast.sv.diff	SIM_FAIL	1
69	202	/home/dinghy/versys/ibex-cpufuzz/bluesfl/ibex/dataset/dataset1/dataset_16/0/ibex_decoder.sv.diff	SIM_FAIL	1
70	203	/home/dinghy/versys/ibex-cpufuzz/bluesfl/ibex/dataset/dataset1/dataset_16/10/ibex_fetch_fifo.sv.diff	SIM_FAIL	1
71	207	/home/dinghy/versys/ibex-cpufuzz/bluesfl/ibex/dataset/dataset1/dataset_16/14/ibex_multdiv_fast.sv.diff	SIM_FAIL	1
72	210	/home/dinghy/versys/ibex-cpufuzz/bluesfl/ibex/dataset/dataset1/dataset_16/4/ibex_decoder.sv.diff	SIM_FAIL	1
73	212	/home/dinghy/versys/ibex-cpufuzz/bluesfl/ibex/dataset/dataset1/dataset_16/7/ibex_fetch_fifo.sv.diff	SIM_FAIL	1
74	214	/home/dinghy/versys/ibex-cpufuzz/bluesfl/ibex/dataset/dataset1/dataset_16/9/ibex_controller.sv.diff	SIM_FAIL	1
75	215	/home/dinghy/versys/ibex-cpufuzz/bluesfl/ibex/dataset/dataset1/dataset_1/6/ibex_controller.sv.diff	SIM_FAIL	1
76	216	/home/dinghy/versys/ibex-cpufuzz/bluesfl/ibex/dataset/dataset1/dataset_17/0/ibex_fetch_fifo.sv.diff	SIM_FAIL	1
77	219	/home/dinghy/versys/ibex-cpufuzz/bluesfl/ibex/dataset/dataset1/dataset_17/12/ibex_controller.sv.diff	SIM_FAIL	1
78	221	/home/dinghy/versys/ibex-cpufuzz/bluesfl/ibex/dataset/dataset1/dataset_17/14/ibex_prefetch_buffer.sv.diff	TIMEOUT	143
79	223	/home/dinghy/versys/ibex-cpufuzz/bluesfl/ibex/dataset/dataset1/dataset_17/2/ibex_prefetch_buffer.sv.diff	SIM_FAIL	1
80	225	/home/dinghy/versys/ibex-cpufuzz/bluesfl/ibex/dataset/dataset1/dataset_17/4/ibex_core.sv.diff	SIM_FAIL	1
81	226	/home/dinghy/versys/ibex-cpufuzz/bluesfl/ibex/dataset/dataset1/dataset_17/5/ibex_fetch_fifo.sv.diff	SIM_FAIL	1
82	229	/home/dinghy/versys/ibex-cpufuzz/bluesfl/ibex/dataset/dataset1/dataset_17/8/ibex_controller.sv.diff	SIM_FAIL	1
83	232	/home/dinghy/versys/ibex-cpufuzz/bluesfl/ibex/dataset/dataset1/dataset_18/10/ibex_counter.sv.diff	SIM_FAIL	134
84	233	/home/dinghy/versys/ibex-cpufuzz/bluesfl/ibex/dataset/dataset1/dataset_18/11/ibex_multdiv_fast.sv.diff	SIM_FAIL	1
85	237	/home/dinghy/versys/ibex-cpufuzz/bluesfl/ibex/dataset/dataset1/dataset_18/1/ibex_alu.sv.diff	SIM_FAIL	1
86	246	/home/dinghy/versys/ibex-cpufuzz/bluesfl/ibex/dataset/dataset1/dataset_19/0/ibex_prefetch_buffer.sv.diff	SIM_FAIL	1
87	247	/home/dinghy/versys/ibex-cpufuzz/bluesfl/ibex/dataset/dataset1/dataset_19/11/ibex_alu.sv.diff	SIM_FAIL	1
88	248	/home/dinghy/versys/ibex-cpufuzz/bluesfl/ibex/dataset/dataset1/dataset_19/12/ibex_controller.sv.diff	SIM_FAIL	1
89	250	/home/dinghy/versys/ibex-cpufuzz/bluesfl/ibex/dataset/dataset1/dataset_19/1/ibex_decoder.sv.diff	SIM_FAIL	1
90	252	/home/dinghy/versys/ibex-cpufuzz/bluesfl/ibex/dataset/dataset1/dataset_19/3/ibex_ex_block.sv.diff	SIM_FAIL	1
91	255	/home/dinghy/versys/ibex-cpufuzz/bluesfl/ibex/dataset/dataset1/dataset_19/6/ibex_alu.sv.diff	SIM_FAIL	1
92	259	/home/dinghy/versys/ibex-cpufuzz/bluesfl/ibex/dataset/dataset1/dataset_20/0/ibex_ex_block.sv.diff	SIM_FAIL	1
93	261	/home/dinghy/versys/ibex-cpufuzz/bluesfl/ibex/dataset/dataset1/dataset_20/11/ibex_id_stage.sv.diff	TIMEOUT	143
94	266	/home/dinghy/versys/ibex-cpufuzz/bluesfl/ibex/dataset/dataset1/dataset_20/2/ibex_fetch_fifo.sv.diff	SIM_FAIL	1
95	267	/home/dinghy/versys/ibex-cpufuzz/bluesfl/ibex/dataset/dataset1/dataset_20/3/ibex_load_store_unit.sv.diff	SIM_FAIL	1
96	269	/home/dinghy/versys/ibex-cpufuzz/bluesfl/ibex/dataset/dataset1/dataset_20/5/ibex_decoder.sv.diff	SIM_FAIL	1
97	270	/home/dinghy/versys/ibex-cpufuzz/bluesfl/ibex/dataset/dataset1/dataset_20/6/ibex_prefetch_buffer.sv.diff	SIM_FAIL	1
98	277	/home/dinghy/versys/ibex-cpufuzz/bluesfl/ibex/dataset/dataset1/dataset_21/10/ibex_if_stage.sv.diff	SIM_FAIL	1
99	278	/home/dinghy/versys/ibex-cpufuzz/bluesfl/ibex/dataset/dataset1/dataset_21/11/ibex_controller.sv.diff	SIM_FAIL	1
100	281	/home/dinghy/versys/ibex-cpufuzz/bluesfl/ibex/dataset/dataset1/dataset_2/11/ibex_if_stage.sv.diff	SIM_FAIL	1
101	282	/home/dinghy/versys/ibex-cpufuzz/bluesfl/ibex/dataset/dataset1/dataset_21/1/ibex_prefetch_buffer.sv.diff	SIM_FAIL	1
102	283	/home/dinghy/versys/ibex-cpufuzz/bluesfl/ibex/dataset/dataset1/dataset_2/12/ibex_alu.sv.diff	SIM_FAIL	1
103	285	/home/dinghy/versys/ibex-cpufuzz/bluesfl/ibex/dataset/dataset1/dataset_21/3/ibex_id_stage.sv.diff	SIM_FAIL	1
104	291	/home/dinghy/versys/ibex-cpufuzz/bluesfl/ibex/dataset/dataset1/dataset_22/10/ibex_ex_block.sv.diff	SIM_FAIL	1
105	292	/home/dinghy/versys/ibex-cpufuzz/bluesfl/ibex/dataset/dataset1/dataset_22/11/ibex_core.sv.diff	SIM_FAIL	1
106	294	/home/dinghy/versys/ibex-cpufuzz/bluesfl/ibex/dataset/dataset1/dataset_22/14/ibex_fetch_fifo.sv.diff	SIM_FAIL	134
107	295	/home/dinghy/versys/ibex-cpufuzz/bluesfl/ibex/dataset/dataset1/dataset_22/1/ibex_decoder.sv.diff	SIM_FAIL	1
108	298	/home/dinghy/versys/ibex-cpufuzz/bluesfl/ibex/dataset/dataset1/dataset_22/4/ibex_controller.sv.diff	SIM_FAIL	1
109	299	/home/dinghy/versys/ibex-cpufuzz/bluesfl/ibex/dataset/dataset1/dataset_22/6/ibex_prefetch_buffer.sv.diff	SIM_FAIL	1
110	300	/home/dinghy/versys/ibex-cpufuzz/bluesfl/ibex/dataset/dataset1/dataset_22/7/ibex_compressed_decoder.sv.diff	SIM_FAIL	1
111	301	/home/dinghy/versys/ibex-cpufuzz/bluesfl/ibex/dataset/dataset1/dataset_22/8/ibex_alu.sv.diff	SIM_FAIL	1
112	304	/home/dinghy/versys/ibex-cpufuzz/bluesfl/ibex/dataset/dataset1/dataset_23/0/ibex_fetch_fifo.sv.diff	SIM_FAIL	1
113	305	/home/dinghy/versys/ibex-cpufuzz/bluesfl/ibex/dataset/dataset1/dataset_23/10/ibex_fetch_fifo.sv.diff	SIM_FAIL	1
114	306	/home/dinghy/versys/ibex-cpufuzz/bluesfl/ibex/dataset/dataset1/dataset_23/11/ibex_alu.sv.diff	SIM_FAIL	1
115	310	/home/dinghy/versys/ibex-cpufuzz/bluesfl/ibex/dataset/dataset1/dataset_23/1/ibex_prefetch_buffer.sv.diff	SIM_FAIL	1
116	311	/home/dinghy/versys/ibex-cpufuzz/bluesfl/ibex/dataset/dataset1/dataset_23/2/ibex_wb_stage.sv.diff	SIM_FAIL	1
117	317	/home/dinghy/versys/ibex-cpufuzz/bluesfl/ibex/dataset/dataset1/dataset_24/0/ibex_alu.sv.diff	SIM_FAIL	1
118	319	/home/dinghy/versys/ibex-cpufuzz/bluesfl/ibex/dataset/dataset1/dataset_24/11/ibex_if_stage.sv.diff	SIM_FAIL	1
119	320	/home/dinghy/versys/ibex-cpufuzz/bluesfl/ibex/dataset/dataset1/dataset_24/12/ibex_alu.sv.diff	SIM_FAIL	1
120	322	/home/dinghy/versys/ibex-cpufuzz/bluesfl/ibex/dataset/dataset1/dataset_24/14/ibex_alu.sv.diff	SIM_FAIL	1
121	324	/home/dinghy/versys/ibex-cpufuzz/bluesfl/ibex/dataset/dataset1/dataset_24/2/ibex_multdiv_fast.sv.diff	SIM_FAIL	1
122	325	/home/dinghy/versys/ibex-cpufuzz/bluesfl/ibex/dataset/dataset1/dataset_24/3/ibex_core.sv.diff	SIM_FAIL	1
123	326	/home/dinghy/versys/ibex-cpufuzz/bluesfl/ibex/dataset/dataset1/dataset_24/4/ibex_core.sv.diff	SIM_FAIL	1
124	329	/home/dinghy/versys/ibex-cpufuzz/bluesfl/ibex/dataset/dataset1/dataset_24/7/ibex_wb_stage.sv.diff	SIM_FAIL	1
125	330	/home/dinghy/versys/ibex-cpufuzz/bluesfl/ibex/dataset/dataset1/dataset_24/9/ibex_decoder.sv.diff	SIM_FAIL	1
126	331	/home/dinghy/versys/ibex-cpufuzz/bluesfl/ibex/dataset/dataset1/dataset_2/4/ibex_id_stage.sv.diff	SIM_FAIL	1
127	334	/home/dinghy/versys/ibex-cpufuzz/bluesfl/ibex/dataset/dataset1/dataset_25/11/ibex_fetch_fifo.sv.diff	SIM_FAIL	1
128	338	/home/dinghy/versys/ibex-cpufuzz/bluesfl/ibex/dataset/dataset1/dataset_25/1/ibex_controller.sv.diff	SIM_FAIL	1
129	341	/home/dinghy/versys/ibex-cpufuzz/bluesfl/ibex/dataset/dataset1/dataset_25/4/ibex_fetch_fifo.sv.diff	SIM_FAIL	1
130	344	/home/dinghy/versys/ibex-cpufuzz/bluesfl/ibex/dataset/dataset1/dataset_25/7/ibex_prefetch_buffer.sv.diff	SIM_FAIL	1
131	346	/home/dinghy/versys/ibex-cpufuzz/bluesfl/ibex/dataset/dataset1/dataset_25/9/ibex_fetch_fifo.sv.diff	SIM_FAIL	1
132	348	/home/dinghy/versys/ibex-cpufuzz/bluesfl/ibex/dataset/dataset1/dataset_26/0/ibex_if_stage.sv.diff	SIM_FAIL	1
133	351	/home/dinghy/versys/ibex-cpufuzz/bluesfl/ibex/dataset/dataset1/dataset_26/12/ibex_if_stage.sv.diff	SIM_FAIL	1
134	354	/home/dinghy/versys/ibex-cpufuzz/bluesfl/ibex/dataset/dataset1/dataset_26/3/ibex_ex_block.sv.diff	SIM_FAIL	1
135	358	/home/dinghy/versys/ibex-cpufuzz/bluesfl/ibex/dataset/dataset1/dataset_2/6/ibex_prefetch_buffer.sv.diff	SIM_FAIL	1
136	361	/home/dinghy/versys/ibex-cpufuzz/bluesfl/ibex/dataset/dataset1/dataset_2/9/ibex_fetch_fifo.sv.diff	SIM_FAIL	1
137	362	/home/dinghy/versys/ibex-cpufuzz/bluesfl/ibex/dataset/dataset1/dataset_3/0/ibex_ex_block.sv.diff	SIM_FAIL	1
138	365	/home/dinghy/versys/ibex-cpufuzz/bluesfl/ibex/dataset/dataset1/dataset_3/1/ibex_if_stage.sv.diff	SIM_FAIL	1
139	366	/home/dinghy/versys/ibex-cpufuzz/bluesfl/ibex/dataset/dataset1/dataset_3/2/ibex_multdiv_fast.sv.diff	SIM_FAIL	1
140	368	/home/dinghy/versys/ibex-cpufuzz/bluesfl/ibex/dataset/dataset1/dataset_3/5/ibex_id_stage.sv.diff	SIM_FAIL	1
141	369	/home/dinghy/versys/ibex-cpufuzz/bluesfl/ibex/dataset/dataset1/dataset_3/6/ibex_alu.sv.diff	SIM_FAIL	1
142	372	/home/dinghy/versys/ibex-cpufuzz/bluesfl/ibex/dataset/dataset1/dataset_3/9/ibex_id_stage.sv.diff	SIM_FAIL	1
143	377	/home/dinghy/versys/ibex-cpufuzz/bluesfl/ibex/dataset/dataset1/dataset_4/4/ibex_prefetch_buffer.sv.diff	SIM_FAIL	1
144	378	/home/dinghy/versys/ibex-cpufuzz/bluesfl/ibex/dataset/dataset1/dataset_4/5/ibex_id_stage.sv.diff	SIM_FAIL	1
145	379	/home/dinghy/versys/ibex-cpufuzz/bluesfl/ibex/dataset/dataset1/dataset_4/6/ibex_decoder.sv.diff	SIM_FAIL	1
146	381	/home/dinghy/versys/ibex-cpufuzz/bluesfl/ibex/dataset/dataset1/dataset_4/9/ibex_multdiv_fast.sv.diff	SIM_FAIL	1
147	387	/home/dinghy/versys/ibex-cpufuzz/bluesfl/ibex/dataset/dataset1/dataset_5/2/ibex_load_store_unit.sv.diff	SIM_FAIL	1
148	389	/home/dinghy/versys/ibex-cpufuzz/bluesfl/ibex/dataset/dataset1/dataset_5/4/ibex_fetch_fifo.sv.diff	SIM_FAIL	1
149	390	/home/dinghy/versys/ibex-cpufuzz/bluesfl/ibex/dataset/dataset1/dataset_5/5/ibex_prefetch_buffer.sv.diff	SIM_FAIL	1
150	395	/home/dinghy/versys/ibex-cpufuzz/bluesfl/ibex/dataset/dataset1/dataset_6/0/ibex_id_stage.sv.diff	SIM_FAIL	1
151	396	/home/dinghy/versys/ibex-cpufuzz/bluesfl/ibex/dataset/dataset1/dataset_6/10/ibex_prefetch_buffer.sv.diff	SIM_FAIL	1
152	398	/home/dinghy/versys/ibex-cpufuzz/bluesfl/ibex/dataset/dataset1/dataset_6/12/ibex_id_stage.sv.diff	SIM_FAIL	1
153	401	/home/dinghy/versys/ibex-cpufuzz/bluesfl/ibex/dataset/dataset1/dataset_6/3/ibex_fetch_fifo.sv.diff	SIM_FAIL	1
154	402	/home/dinghy/versys/ibex-cpufuzz/bluesfl/ibex/dataset/dataset1/dataset_6/4/ibex_fetch_fifo.sv.diff	SIM_FAIL	1
155	405	/home/dinghy/versys/ibex-cpufuzz/bluesfl/ibex/dataset/dataset1/dataset_6/7/ibex_wb_stage.sv.diff	SIM_FAIL	1
156	407	/home/dinghy/versys/ibex-cpufuzz/bluesfl/ibex/dataset/dataset1/dataset_6/9/ibex_fetch_fifo.sv.diff	SIM_FAIL	1
157	408	/home/dinghy/versys/ibex-cpufuzz/bluesfl/ibex/dataset/dataset1/dataset_7/0/ibex_wb_stage.sv.diff	SIM_FAIL	1
158	410	/home/dinghy/versys/ibex-cpufuzz/bluesfl/ibex/dataset/dataset1/dataset_7/12/ibex_controller.sv.diff	TIMEOUT	143
159	416	/home/dinghy/versys/ibex-cpufuzz/bluesfl/ibex/dataset/dataset1/dataset_7/8/ibex_prefetch_buffer.sv.diff	SIM_FAIL	1
160	423	/home/dinghy/versys/ibex-cpufuzz/bluesfl/ibex/dataset/dataset1/dataset_8/1/ibex_fetch_fifo.sv.diff	SIM_FAIL	1
161	424	/home/dinghy/versys/ibex-cpufuzz/bluesfl/ibex/dataset/dataset1/dataset_8/2/ibex_wb_stage.sv.diff	SIM_FAIL	1
162	428	/home/dinghy/versys/ibex-cpufuzz/bluesfl/ibex/dataset/dataset1/dataset_8/6/ibex_core.sv.diff	SIM_FAIL	1
163	429	/home/dinghy/versys/ibex-cpufuzz/bluesfl/ibex/dataset/dataset1/dataset_8/7/ibex_decoder.sv.diff	SIM_FAIL	1
164	432	/home/dinghy/versys/ibex-cpufuzz/bluesfl/ibex/dataset/dataset1/dataset_9/0/ibex_decoder.sv.diff	SIM_FAIL	1
165	433	/home/dinghy/versys/ibex-cpufuzz/bluesfl/ibex/dataset/dataset1/dataset_9/10/ibex_decoder.sv.diff	SIM_FAIL	1
166	435	/home/dinghy/versys/ibex-cpufuzz/bluesfl/ibex/dataset/dataset1/dataset_9/12/ibex_wb_stage.sv.diff	SIM_FAIL	1
167	438	/home/dinghy/versys/ibex-cpufuzz/bluesfl/ibex/dataset/dataset1/dataset_9/2/ibex_alu.sv.diff	SIM_FAIL	1
168	439	/home/dinghy/versys/ibex-cpufuzz/bluesfl/ibex/dataset/dataset1/dataset_9/3/ibex_multdiv_fast.sv.diff	SIM_FAIL	1
169	440	/home/dinghy/versys/ibex-cpufuzz/bluesfl/ibex/dataset/dataset1/dataset_9/4/ibex_prefetch_buffer.sv.diff	TIMEOUT	143
